BookName,BookDescription,AuthorName
Griff Wagon,Churchmouse Threeawn,Rudolph Dayborne
Granny Newe,Shield Lichen,Bria Denkel
Marven Winstone,Big Blue Lilyturf,Hersch Jerams
Josefina Dysart,American Hogpeanut,Magnum Olesen
Davon Badman,Rimmed Lichen,Godiva Deem
Rudy Biesterfeld,Suncup,Alfonso Dunsford
Morgan Frampton,Williams' Springparsley,Jesse Boath
Heinrick Pettinger,Clustered Green Gentian,Karlyn Peterkin
Salomi Stout,Smallflowered Anemone,Billie Ivkovic
Arthur Hacket,Mediterranean Cabbage,Silas Bolding
Rossy Center,Wideleaf Bamboo,Bowie Demare
Tracee Hullock,Hamakua Clermontia,Nataline Churm
Jarad Klewer,Sphagnum Dewberry,Zelig Craigie
Maxi Realph,Asplenium Ladyfern,Adriane Gladyer
Amara Phelipeau,Sonoma Lessingia,Ediva Truse
Celinka Growden,Fescue,Ivie Shaxby
Danella Rossander,Barringtonia,Sisile Carnihan
Rolfe Sowray,Bluestem Yucca,Shara McKinlay
Ernestus Divina,Scurvygrass,Beatrice Nussgen
Sara-ann Habbal,Redberry Nightshade,Josh Safont
Tabbatha Ridd,Narrowleaf Plantain,Cecil Gillogley
Bird Brim,Krauss' Spikemoss,Herbie Tinkler
Amberly Gockelen,Chinese Banyan,Valma Hing
Hilde Davioud,Howaiaulu Island-daisy,Correna Hanhart
Klarika Diem,Pohlia Moss,Valry Hrihorovich
Bradly Brimmell,Cockspur,Myrlene Rakestraw
Angy True,Apple Mint,Luella Lehrian
Dari Fessions,Coco Plum,Alysia Brecknall
Franciska Botler,Creeping Cudweed,Terri-jo Renforth
Elicia Baughan,Subterranean Clover,Ethelyn Ladbrooke
Mariejeanne Canet,Granite Gooseberry,Dulcia Possell
Welsh Iwaszkiewicz,Lawngrass,Iggy Ferfulle
Danie Knipe,James' Buckwheat,Luelle Jimmes
Wrennie De Roeck,Woodfern,Geoffrey Bloan
Tessie Townrow,Dwarf Prairie Clover,Jeffy Micka
Dorthy Vuitte,Peck's Desertparsley,Cindy O'Carran
Nisse Searight,Quartzite Rimmed Lichen,Meris Domenge
Richy Creak,San Benito Thorn-mint,Alejoa Brou
Garey Leverett,Millet Crabgrass,Nancie Coatts
Angelico Butler-Bowdon,Oval-leaf Willow,Blondy Eppson
Mason Chisolm,California Pore Lichen,Madelene Christophe
Eleonore Yarn,Slimlobe Beggarticks,Romeo Riddall
Bevan Reddick,Grayleaf Willow,Hedwig Worsom
Wenona Hawtin,Drummond's False Pennyroyal,Isadora Dottrell
Britte Brik,Twoflower Dwarfdandelion,Kevin Chatenet
Frasier Stanes,Narrowleaf Gentian,Eada Dowey
Mort Wilber,Rivet Wheat,Brittne Snelgar
Cecil Beidebeke,Fitchia,Paco Benitez
Chelsae Kemmons,Stemless Four-nerve Daisy,Ketti Gunstone
Chic Jentges,Fourwing Saltbush,Issie Hearnshaw
Ethelda Carbert,Mojave Beardtongue,Vinni Stanner
Renard O'Geneay,Alaska Bluegrass,Alice Crockatt
Husein Joseland,Torrey's Milkvetch,Frankie Cristoforetti
Ignacius Zanini,Lesser Roundleaved Orchid,Wilhelmine Colbertson
Belinda Witterick,Hayfield Tarweed,Isidore Askham
Daron Gallo,Podranea,Gelya Greir
Erny Labitt,California Cloak Fern,Lorne Jiruch
Robena Andrzejak,Dog Figwort,Bartel Peschka
Zora Timny,Spoonleaf Sundew,Erik Drewson
Ashlan Sudy,Ballhead Ipomopsis,Winn Pragnell
Darrel Sallier,Arthrocnemum,Milty Poyzer
Mandie Josilevich,Field Chickweed,Donovan Eastes
Blithe Krol,Thickleaf Phlox,Celle Dufoure
Katie Miebes,Rhode Island Dewberry,Carson Shayes
Margaretta Hawksworth,Hall's Milkvetch,Willette Fendt
Tomasina Cleaton,Goldenrod,Marielle Amberg
Carolyn MacCardle,Davis Horsenettle,Etan Bernocchi
Lalo Britcher,Narrowleaf Arnica,Irvine Faudrie
Odette Kleinhaut,Orange Mullein,Janette Gainsbury
Rance Adaway,Ionaspis Lichen,Robb Yakov
Tiphanie Lanegran,Grand Fir,Corrianne Myring
Fanchon Blunn,Long-tubercle Beehive Cactus,Melody Scaysbrook
Winonah McCowen,Giant Granadilla,Ashly Tollmache
Miriam Dawson,Virginia Lecidea Lichen,Maddie McCreery
Raimund Smorthit,Pinewoods Fritillary,Dag Gimeno
Pavel Mawer,Pitcherplant,Timi Carreck
Towney Colleton,Quillwort,Kimberli Upstone
Zsazsa Pawlett,Amblyodon Moss,Shea Cluet
Reggy Amy,Turtlefat,Shanan MacIlriach
Gianina McIlvaney,Black Calabash,Emmett Sedgemond
Leonore McGrale,Cup Lichen,Washington Chatterton
Zaria Biggerstaff,Goldencarpet Buckwheat,Yoshi Waldron
Yancey Jannaway,Nineleaf Biscuitroot,Ellene Grundon
Tabbitha Giacobini,Erect Skin Lichen,Darrin Josephy
Delaney Kruszelnicki,Bristly Flatsedge,Lucienne Veltmann
Darnell Balfe,Bighead Horkelia,Scot Maddocks
Hunter Beyn,Stiff Goldenrod,Louise Verner
Maure Gurner,Santa Catalina Mountain Sage,Bent Dalrymple
Jarrid McMahon,Jared's Pepperweed,Nolie Trinbey
Rees Kose,Menzies' Larkspur,Marga Evangelinos
Morgen Blowfield,Beet,Bronny Sugden
Locke Kerley,Albuquerque Prairie Clover,Dore Benzi
Hadlee Leasor,Tarweed,Lucius Lathwood
Wandie McAlpin,Speedwell,Tillie Coil
Jodie Bonder,Wright's Snakeweed,Sheilakathryn Aloigi
Rachele Roose,Rim Lichen,Duke Fardoe
Silvana Crandon,Rat's-tail Succulent,Fairlie Ayre
Alaster Riggeard,Bigelow's Beggarticks,Pavia McReynolds
Kimbra Dollman,Canby's Angelica,Merrie Astill
Helen-elizabeth Arrell,Cream Garland-lily,Evangelia Papaminas
Ophelia Messenger,Crabgrass,Cristin Braghini
Jasmina Yakovl,Sonderegger Pine,Rudolf Caraher
Almire Bentham,Prairie Flax,Faulkner Yearby
Maryanne Gredden,Lemmon's Sedge,Sayers Butting
Kristo Deveraux,Carlott's Wijkia Moss,Darb Stoaks
Vivianne Hordell,Dwarf White Milkvetch,Jennica Gallienne
Raffarty Woolcocks,Rock Buckwheat,Sophi Duthie
Seward Bines,Goldenthistle,Mickie McClelland
Saleem Humphrys,Balloonplant,Stesha Wasiela
Barret Jozefiak,White Panicle Aster,Berrie Sharma
Missy Chittock,American Threefold,Bat Cruise
Fin Wimpenny,Kurile Larch,Chrissie Creer
Hedda de Grey,Kaluaaha Valley Peperomia,Gwennie Beardow
Tamarah Jordeson,Hypnum Moss,Yolanthe Bonnor
Gabie Pickard,Broomsedge Bluestem,Meridith Aikett
Kevin Humpherston,African Locust-bean,Starr Dury
Keenan Costy,Redroot Cryptantha,Natalya Andreacci
Linet Bardill,Weak Stellate Sedge,Teressa Turvie
Madelyn Sember,Velvet Panicum,Patric Garmans
Laney Prosek,Mullein,Catlaina Glyde
Woodie Stennings,Hairyflower Lovegrass,Amelita Fetherstan
Ayn Besemer,Weinmannia,Ave Sutworth
Elroy Gerner,Pond Water-starwort,Roland Huke
Corbie Del Castello,Sulphur-flower Buckwheat,Vance Horley
Junia Folley,Drypetes,Hephzibah Tatam
Berri Schimmang,Chinese Magnolia,Valdemar Fincham
Umeko Toman,Dotted Orchid,Dulcinea Townshend
Kissie Harries,Glowing Indian Paintbrush,Maurizia Camus
Carter Rosensaft,Island Chinchweed,Araldo Boller
Ange Hosier,Common Bugseed,Binky Southorn
Forest Courcey,Cup Lichen,Petrina Filan
Romonda Hehnke,Picrasma,Dell Goldwater
Jon Gooda,Mexican Twist,Violante Joblin
Angelico Entwisle,Pacific Trillium,Jacquie Russen
Stewart Truin,Chase's Threeawn,Berta Buchan
Rosabel Cottee,Granular Trapeliopsis Lichen,Truman McKue
Damien Strudwick,Nits And Lice,Winona Firminger
Cordi Stainsby,Gunnison's Mariposa Lily,Iolanthe Dalla
Constance D'Alessandro,Red Cappel,Sallie Carleman
Mina Pinn,Roemer's Mimosa,Saudra Cornier
Greer Pales,Wandoo,Sal Smitherham
Helaine Thirlaway,Western Brackenfern,Karee O'Neil
Allie Porte,Florida Sunflower,Addi Leader
Ilene Grzeszczak,Fremont Cottonwood,Giulio Kenson
Spence Mawd,Western Brackenfern,Gerty Brimson
Constantin Lamplugh,Streambank Springbeauty,Ajay Buffey
Kylen Kimblin,Douglas' Phacelia,Selma Olivo
Filippa Exton,Arizona Wheatgrass,Abdel Crowth
Ernesto Uwins,Pacific Alpine Wormwood,Alika Bewly
Raquel Heephy,Amazonian Coca,Binnie Evangelinos
Martie Breche,Indian Valley False Mallow,Nikolia Reuss
Liuka Damato,Acaulon Moss,Hieronymus Falco
Kingston Bettenay,White Edge Sedge,Rikki Cazalet
Wallace Adanez,Knob Sedge,Muriel Loddon
Jarib Amthor,Crater Lichen,Fran Robberecht
Denney Niblo,Villous False Candytuft,Aldwin Walkling
Mathew Rockcliff,Nettle,Vinni Wolledge
Vincents Handover,Chapman's Rhododendron,Inez Ginn
Tammara Caunter,Beechdrops,Carlin Ropkes
Aurore Hovard,Mesa Pepperwort,Kaylil Semiraz
Terri Hartland,Desert Twinbugs,Phillis Milsap
Elke Warricker,Spreading Sedge,Jerry Jozwiak
Aldwin Georger,Longleaf Isodendrion,Piotr Leftridge
Pascal Greensmith,Lecythis,Christophe Spondley
Shawna Alkins,Parish's Flatsedge,Drusilla Clayworth
Jory Studart,Blackcurly Lichen,Marcelia Blakeley
Cassius Buxam,Son's Buckwheat,Guss Pinniger
Clarence Weightman,Northwest Sandbar Willow,Violetta Pelham
Phaedra Devenish,Whisk Fern,Jaine Woodrough
Shaine Ollive,Hooker's Cinquefoil,Cello Evans
Carmelle Coope,Arizona Water-willow,Frants Fisbey
Rikki Andres,Smallflower Swallow-wort,Enrico Saleway
Allina Danieli,Shockley's Buckwheat,Israel Trenam
Pepita McIndoe,Nelson's Brachythecium Moss,Mattheus Lygo
Sioux Franzen,Birdnest Fern,Isaiah Stubbs
Fulvia Hanburry,Dotted Blazing Star,Alfred Jubb
Harcourt Twentyman,Crispleaf Buckwheat,Gwendolin Canario
Phil Grix,Saskatoon Serviceberry,Joey Chipchase
Iosep Bachman,Orange Bush Monkeyflower,Rana Garaway
Kalie Arlet,Punctelia,Lenna Maxwale
Shoshana Eate,American Lopseed,Alaric Grose
Gerry Wesker,Talapoosa Peak Pearpod,Dallon Selvey
Sheilakathryn St. Leger,Pinkflower Hedgehog Cactus,Ezekiel Balderston
Ly Littlecote,Dwarf Naupaka,Clarie Weatherdon
Nappy Vallery,Largeleaf Linden,Miran O'Kennavain
Selestina Poag,Farewell To Spring,Dottie Stoyles
Cecilius Stanier,Barren Strawberry,Maryellen Turbat
Bartlett Eads,Dwarf Birch,Sidnee Hussey
Aida Tipens,Pennsylvania Cinquefoil,Janelle Witheford
Sofie Geram,Bright Green Spikerush,Vikki Olek
Rosy Lidington,Poverty Threeawn,Charity Willishire
Arly Ioannou,Pitcherplant,Doyle Cargo
Say Accum,Spinyhair Blazingstar,Kaspar Jochanany
Ellie Mintoff,Thladiantha,Cortie Rassell
Tate Swyndley,Keckiella,Gale Aleksidze
Lisabeth Cranmer,Trembleya,Wenona Jarrell
Kaleena Skepper,Everblooming Ixora,Gino Baldam
Mikey Boots,Woolly Beachheather,Celestina Gunton
Munmro Niset,False Flax,Oran Starten
Clerissa Mallen,Sunflower,Myrna Benardeau
Feliks Catterson,Rough Bluegrass,Heall Keoghan
Celine Quelch,Larkdaisy,Charisse Paolinelli
Delaney Banat,Mountain Heartleaf,Arabela Stiger
Anstice Secrett,Cascade Lily,Scot Athey
Derk Stuttard,Pyrrhospora Lichen,Annabelle Weigh
Cully Tryhorn,Bignay,Yuri Liepina
Michele Weymouth,Different-nerve Sedge,Bren Brackpool
Dael Stratz,Mexican Bonebract,Tiphany Windibank
Nealy Clavey,Cuban Prescott Orchid,Haskell Walasik
Darya Cowope,Venturiella Moss,Corey Fick
Donielle Carney,Sonoran Pricklyleaf,Vita Dawbery
Fanya Stave,Sarcographa Lichen,Ira Mewitt
Eal Kmicicki,Cottony Goldenaster,Efrem Tapscott
Frannie Plummer,Gaping Grass,Bennie Joynson
Elmo Lamport,Endococcus Lichen,Doti Prestney
Farand Monksfield,Zamia,Gizela Benninger
Marisa Annell,Koolau Range Delissea,Adena Middiff
Von Daltry,Spreading Groundsmoke,Giffy Botte
Lammond Jeandet,La Graciosa Thistle,Sherie Eagles
Dollie Glassard,Carlott's Wijkia Moss,Kaja Falck
Elia Maroney,Kidneyshape Sedge,Rosie Peckham
Harald Popov,Crater Lake Sandwort,Alastair Killough
Julietta Gane,Rehman's Halfchaff Sedge,Solly Panswick
Renard Moehle,Cypress Peperomia,Ulla Tait
Melosa Minards,Fringed Nutrush,Burl Shortland
Bentley Peel,Bryum Moss,Brantley Edwicke
Carree Engeham,Tissueleaf Hawthorn,Josephine Lazar
Henriette Wheldon,Hybrid Violet,Farly Moodey
Wilton Pietrowicz,Common Grape Hyacinth,Colin Passe
Kilian Gyenes,Giant Horsetail,Valentia MacTrusty
Collen Polendine,Longleaf Brake,Wald Crowdace
Montgomery Fowgies,Hedgehog Pricklypoppy,Shae Hearle
Shanna Cearley,Kihifern,Alick Physic
Abbott Lace,Ovate Spikerush,Francis Plowman
Ezequiel Dennis,Laupahoehoe Cyrtandra,Chiquita Thireau
Robert Dearlove,Sperry Guava,Flory Beaby
Mikaela California,Stalked Popcornflower,Hortensia Marchington
Dana Groombridge,Parallel Sedge,Menard Glaves
Bastien O' Clovan,Mason's Neststraw,Issy Cowell
Rafael MacKellar,Marlierea,Vikky Woollard
Saundra Careless,White Prairie Aster,Klarika Forge
Kary Faraday,Common Hoptree,Free Divall
Rodrigo Anger,Water Mudwort,Rainer Alelsandrowicz
Aldridge Tye,Umbel Clerodendrum,Camila Ashby
Sophey Mattiussi,Elegant Groundsel,Lenore Linny
Garv Arno,Candle Snuffer Moss,Antoine Salzberger
Gracia Donhardt,Caribbean Milkweed,Monique Yegorshin
Anabel Windus,Island Spleenwort,Teressa Lebreton
Lauralee Dockwray,Leucobryum Moss,Ivie Tingey
Raffaello Carletti,Belamcanda,Katie Whal
Jami Skittrall,Baker's Lupine,Fernando McFee
La verne Swift,Goodman's Buckwheat,Lorne Loalday
Dilan Choak,Nash's Pricklypear,Emeline Biasio
Willie Lascell,Utah Swallow-wort,Joane Slides
Boyd Mival,Fingerleaf Gourd,Reuben Telega
Ignacio Cullin,Argentinian Quila,Clara Thurlow
Mira Trulocke,Roundleaf Greenbrier,Auguste Tatteshall
Forbes Gonzales,California Ash,Erl Siggs
Corey Tomankiewicz,Dwarf Morning-glory,Margarette Larmuth
Shannah Antognazzi,Wright's Thimblehead,Finley Dowdle
Benito Gentile,Sandhill's Blazing Star,Lyndell Trathen
Joseito Posner,Buxbaumia Moss,Roselle Darby
Rusty Conkie,Showy Sunflower,Gabriella Meddick
Letitia Heild,Shield Lichen,Horace Farebrother
Brok Vlasenko,King's Clover,Kris Blabie
Gavan Iwanowicz,Woodfern,Jarret Bradnock
Maud Andor,Taralea,Frederich Winteringham
Cassey Eilhart,Bighead Horkelia,Clemens Palfery
Langston Tyas,Autumn Goldenrod,Elfrida Rennie
Maryjane Freckingham,Brazilian Peppertree,Bebe Olifard
Goldy Vaughton,Soft Bindweed,Aldo Malek
Dolph Knibb,Carolina Ash,Janos Maas
Brandy Pendrick,Lavender Cotton,Kordula Hartfleet
Fremont Hugonet,Eastern Rough Sedge,Walther Cluatt
Kellyann Overal,Molokai Ohaha,Salvador Osmond
Farr Staton,Smyrnium,Honoria Zmitrichenko
Edgar Tappin,South American Saltbush,Elly Stollberger
Fredrika Keiling,Bradshaw's Desertparsley,Pierre Belsey
Cherry Lattos,Largeflower Sage,Carri Teale
Cornie Hamshaw,Nevada Lewisia,Barth Renfree
Lory Manshaw,Fernleaf Yellow False Foxglove,Donalt Weinham
Inglis Brudenell,Horsehair Lichen,Malory Shedden
Waldo Haggarth,Fineleaf Hymenopappus,Camey Simionato
Antoine Luten,Basketgrass,Cristian Scholcroft
Vidovik Stratten,Winter Creeper,Lorinda Sansun
Nora Laetham,Wenatchee Desertparsley,Carr Calbrathe
Rosina Rodriguez,Fringed Bluestar,Ruttger Crampsey
Karoly Bratchell,Purpleosier Willow,Philipa Harpur
Mariejeanne Pinchen,Texas Beeblossom,Moshe Murkin
Janna Dickons,Longbeak Buttercup,Micky Garrattley
Vaughn Blofeld,Tracy's Rush,Ade Matz
Arnuad Zold,Guayanilla,Barbee Nigh
Tamarra Kindred,Cutleaf Medick,Lyon Wareham
Beverlie Clubb,Rimelia Lichen,Brina Tidridge
Ardath Millam,Compact Dodder,Joelie Kornyshev
Natalina Avramovsky,Squirreltail,Natka Slegg
Baron Soro,Australian Teatree,Merrill Hallt
Charla Lathwell,Heller's Blazing Star,Warden Whaplington
Bartholemy Bridgewood,Hakone Grass,Clair Pedden
Kennedy Kindon,Canadian Hawkweed,Amil Srawley
Feliks Cobleigh,Clustered Goldenweed,Gene MacKeig
Trever Starrs,Longstalk Draba,Thor Frape
Shermie Pargeter,Beaumont Oak,Auria Dict
Charlot Cavie,Decodon,Julee Samwayes
Armand Snadden,Gray's Cloak Fern,Hazel Camell
Talyah Karran,Carolina Bruchia Moss,Charla Castells
Doro Gibby,Kerria,Norbert Spenclay
Lorrin Perren,Rocky Mountain Aster,Viv Carneck
Fowler Brosnan,Spiked Wild Indigo,Nissie Covill
Cece Freeman,Bejuco,Ray Cressingham
Susana Folli,Koko,Goddard Santori
Tabb Czapla,Ripley's Gilia,Addi Pizzey
Gaby Pinks,Hybrid Oak,Pauly Rowson
Granthem McOmish,Texan Goatbush,Melanie Bolf
Winfield Jaumet,Mosquin's Clarkia,Cherry Hill
Dimitri Albone,Small Floating Mannagrass,Dar Deem
Candis Eddies,Stalked Maidenhair,Nikolaus Dawbury
Abelard Jouanny,Pearlwort,Ondrea Humerstone
Billi Bryenton,Gypsum Ringstem,Arty Dozdill
Roscoe Whitmore,Pacific Lacefern,Netty Bremner
Joni Glyne,Parlin's Pussytoes,Valdemar Proud
Fanni Joddins,Cushion Cryptantha,Irita Opy
Mable Bramham,Blue Wildrye,Johnny Gopsell
Maurise Manjot,Pendent Silver Linden,Nil Olerenshaw
Roxana Tams,Alaska Dwarf-primrose,Lutero Garmans
Bria Atger,Jenner's Cynodontium Moss,Saxon Giovannacci
Jackson Uridge,Silver Lupine,Maudie Stoodley
Jerrilee Grundle,Jackson False Foxglove,Leroy Whaplington
Durante Shortell,Chinese White Poplar,Hedda Asker
Georgina Foyston,Meesia Moss,Ruby Rolph
Lydia Raywood,Anacardium,Whitney Emmet
Christin Kubacek,False Fennel,Von Vasyutin
Tim Worthy,White River Beardtongue,Hastie Barthorpe
Dalia Bunyan,Brown Flatsedge,Darren Treadgold
Kenn Jiggens,Parish's Reinkella Lichen,Weider Cometson
Boyd Dowrey,Eggleaf Silktassel,Barrie Sebire
Hanan Grosvenor,Sollya,Nona Nozzolinii
Lynn Youhill,Kauai Digit Fern,Roxie Berzen
Sheppard Blaxill,Constance's Phacelia,Caryl Hendron
Karol Pillington,Fineflower Gilia,Della Oxenbury
Chanda Messom,Littlehead Gumweed,Nyssa Semour
Indira Blease,Longspur Lupine,Lurline Cattanach
Phillida Puve,Whiskbroom Parsley,Anette Koop
Amandie Robroe,Floatingheart,Jemmy Marmon
Kirbee Ricciardello,Elongate Dicranum Moss,Collin Scanlon
Danit Aronowitz,Horseradish,Janis Thowes
Sibyl Hartas,Cliff Desertdandelion,Maurise Bernhart
Brinna Bradd,Carolina Springbeauty,Agnesse Silversmidt
Ansley Hanrott,Arctic Goldenrod,Tori Abrahmovici
Nanci Feldstein,El Paso Pricklypear,Ruthie Mendes
Guinevere Duke,Witch's Hair Lichen,Chevalier Loins
Jillian Ickowicz,Angled Mistletoe,Paul Tomkowicz
Gerty Ornells,Parry's Mallow,Arabelle Shetliff
Emera Horbath,Eggyolk Lichen,Lurline Hinemoor
Cyndy Tallis,Stahlia,Broderic Instock
Eugenia O'Cahill,Mt. Eddy Buckwheat,Freddie Safe
Weston Joriot,Grand Peperomia,Peadar Martynka
Dalila Krzyzanowski,Ozark Wakerobin,Teresa Sutherley
Lincoln Arbuckle,Henrya,Zebadiah Gadesby
Adore Braham,Clove,Del Sooper
Loy Pawelek,Soleirolia,Cate Smickle
Sandra Shipley,Meesia Moss,Car Gifford
Timmie Simpson,Yellow Pepperweed,Jedediah Colley
Modestine Muspratt,Cohosh,Melisent McElvine
Ranice Gerssam,Intermediate Woodfern,Flynn Gouge
Sidoney Mossman,Rim Lichen,Griz Benham
Guthry Hawick,Lodgepole Lupine,Kikelia O'Donovan
Lori Studd,Greene's Catchfly,Levin Guidera
Chris Avrahamof,Howell's Broomrape,Mar Turfitt
Sebastian Arends,Cayratia,Vinnie Gormally
Chip Le Pruvost,Berenger's Mycobilimbia Lichen,Lenore Raoul
Rosabelle Yurkov,Sasswood,Dani Partrick
Ric Trewhitt,Sintenis' Guava,Donnie Schmidt
Janessa Audenis,Luehea,Anissa Duffy
Jamaal Kosel,Lignum-vitae,Bentlee Paula
Novelia Bartusek,Sea-daffodil,Nadeen Ditchett
Yolanthe Van Son,Catillaria Lichen,Arin Chamberlayne
Meredith O'Crevan,Sullivan City Flax,Florri Carluccio
Pascale Mahoney,Bogmat,Marje Rheubottom
Dael Kumaar,Peck's Milkvetch,Mill Fanner
Eugen Milburn,American Skunkcabbage,Hendrika Geraldini
Marybelle Fey,Chilghoza Pine,Joby Hannah
Moria Grivori,Ethiopian Pepper,Daphna Tesdale
Sonnnie Matskiv,Thyme,Joycelin Lorimer
Lorena Vaughten,Philodendron,Tomas Skurm
Bartholomeo Ludlem,Mojave Cryptantha,Starlene Loseke
Rafaello Haton,Creeping Velvetgrass,Husain Szachniewicz
Xylina Walne,Forchhammeria,Marybeth Prettyman
Silvester Olivetti,Byssoloma Lichen,Beck Chrisp
Davidson Crebott,Valley Saltbush,Lorant Belz
Frankie Korneluk,Epilichen Lichen,Mahala Hanhardt
Mallory Stirman,Bessey's Locoweed,Biddy Maddocks
Yolanda Goodredge,Brewer Spruce,Shellie Brodnecke
Evelyn Crandon,Western Rough Goldenrod,Marni Magenny
Rodina Harkes,Balsamroot,Marilee Raye
Janaye Farry,Mullein,Adolpho Sandys
Steffi Chalfain,False Melic,Burt Barti
Orren Osbaldstone,Abrams' Woollystar,Orland Sylvaine
Betteann Bernini,Common Gum Cistus,Barbey Rozier
Woodie Baylie,Anglestem Indian Mallow,Shurlock Hessentaler
Kandace Davidow,Golden Linanthus,Hortense Carslake
Reena Wardall,Tulare Saltbush,Meade Di Ruggiero
Millicent Marsie,Wool Grass,Brannon Swalteridge
Antonetta Ebbetts,Nicaraguan Fountaingrass,Charyl Borchardt
Tabina Kiebes,Cyrtandra,Veriee Coad
Trumann Frondt,St. Johnswort,Trina Tabard
Ariella Daggett,Tiburon Mariposa Lily,Boonie Winfrey
Margarethe Forkan,Pine Lily,Kendre Chantree
Kelsey Linning,Monkey's-comb,Diannne Pearne
Fredra Teas,Canyon Bird's-foot Trefoil,Domeniga Boome
Lemmie Brucker,Oregon Gumweed,Matias Rimes
Drucill Trewhella,Red Sandspurry,Cassius Pigdon
Millisent Haysar,Mojave Cryptantha,Jaime Featherbie
Averyl Kinmond,Catchfly,Laughton Bolstridge
Ulick Bullock,Virginia Glasswort,Leeland Coupe
Irena Wenderott,Pitcherplant,Pearla Loggie
Olivier Vaz,Woodvine,Nick Altamirano
Gerrie Govenlock,Cartilage Lichen,Augusta Giffon
Benedetto Coleridge,Lesser Saltscale,Clarette Gossan
Griffin Lydon,Alphitonia,Zachariah Fischer
Corabella Raffin,Arctic Poppy,Harriot Derobert
Miguel Beat,Brainerd's Sedge,Hugo Bellin
Rosemarie Firsby,Telescope Peak Buckwheat,Chrotoem Plues
Gregor Cleobury,Common Mouse-ear Chickweed,Alane Itzkov
Reade Maymand,Pinewoods Bluestem,Devland Lestrange
Ignaz Vasilenko,Florida Yew,Tris Whistance
Russ Wickson,Diamondleaf Fern,Conway Garretson
Delmer Izak,Ctenidium Moss,Nevins Basten
Thaxter Arckoll,Uinta Basin Springparsley,Bent Pittoli
Gayla Shitliff,Medinilla,Randa Whylie
Raynell Siebart,Pin Cherry,Tarrance Raddon
Marius Reubens,California Saltbush,Pincus Whilder
Tally Edgson,Dwarf Mountain Lupine,Dena Reding
Chiquia Lagen,Biennial Wormwood,Henrik Gert
Fritz Stonner,Waterlily,Stace Romanini
Harriet Tace,Santa Cruz Island Manzanita,Wilie Vequaud
Wenda Renneke,Peru Roccella Lichen,Luce Hookes
Zachariah Eastham,Spreading Wheatgrass,Nikaniki Rentelll
Farrell Deakan,Persian Lilac,Gian Dyet
Kellsie Castri,Melon,Joby Roseblade
Sara-ann Cuningham,Desert Princesplume,Worden Dumelow
Salim Hutchin,Hinds' Nightshade,Marcille Eddison
Jarvis Benza,Seashore Plantain,Giacomo Lancley
Sharron Mountford,Bristly Buttercup,Tove Drinkhill
Stormie Leser,Lynn Haven Goldenaster,Caryl Cattanach
Calvin Sibbson,Lion's Tail,Shirley Dewsnap
Maribeth Polglase,Serpentine Milkweed,Stacee Roon
Danyelle Bottomley,Smith's Melicgrass,Essa Heaseman
Rafi Paulley,Pineywoods Geranium,Annnora Hallawell
Catharine Lyall,Brickellbush,Nanine Filppetti
Wyn Sweetenham,Variegated Scouringrush,Eldin Mooring
Hew Hindshaw,Prairie Hawthorn,Marilee Fozard
Gussi Northcote,Snow Gentian,Courtney Ohm
Shirline Colquete,California Butterwort,Sandy McCloughen
Ainslie Brawn,Parry's Rockdaisy,Eustacia Plumm
Ogdan Mc Menamin,Alexandra Palm,Gabbie Whyte
Aurore Devericks,Silky Deerweed,Doris Antushev
Annabal Radage,Winterfat,Mable Danshin
Iolanthe Nuscha,Oval-leaf Sedge,Hermina Grimmert
Arte Girardez,Tranquil Goldenweed,Whit Birdis
Teresita Heasman,Lake Tahoe Draba,Michaela Feely
Yelena Bonsey,Philonotis Moss,Tiffanie Parkey
Eadie Halvorsen,Hollyleaf Fringedfern,Wainwright Guilaem
Jamie MacKain,Yellow Blanketflower,Etan Gwynne
Amberly Trott,Glandular Yellow Phacelia,Viviyan Phippen
Tessie Fazzioli,Cutleaf Cyclanthera,Ophelia Dalton
Blondy Musto,Arctic Alpine Forget-me-not,Trueman Pierro
Trisha Sampson,Douglas's Catchfly,Sutton Caslake
Hedi covino,Cup Lichen,Charissa Rabbage
Meade Drewett,Texas Sedge,Edin Reveland
Natalee Bumford,Incense Cedar,Jesse Showen
Jeanie Hourihan,Upland Cotton,Jelene Rodmell
Avram Boddice,Darkflowered Figwort,Rebecka Habben
Johnathon Styan,Handsome Beardtongue,Haley Furney
Eward Verheijden,Sierra Tiger Lily,Joan Handsheart
Emelita McWaters,Coriander,Emory Doring
Maynord Chilcotte,Coastline Bluegrass,Roxy Clarson
Rosetta Brigshaw,Eremogone,Uriel Jonas
Rori Asman,Myelochroa Lichen,Mommy McConigal
Beilul Lowndes,Morrito,Nowell Hodgin
Mervin Tyzack,Smallflower Woodland-star,Brenden Athow
Marquita Danniell,Brazilian Firetree,Julienne Gidley
Lissi Gatherell,Sierra Nakedwood,Denver Bolesma
Vin Buddleigh,Coastal Ragweed,Josefa Handrick
Beryle Wombwell,Easter Cactus,Terra Bestar
Georg Waryk,Koolau Gap Catchfly,Bibbye Episcopio
Vina Winning,Litsea,Lexy Snellman
Jilli Poulsum,Rock Whitefeather,Brenda Cody
Casper Rostron,Spiny Spiderflower,Sibylle Newlan
Nathan McLemon,Pride-of-rochester,Karolina Khotler
Patsy Hatliffe,Mexican Orange,Josh Godney
Celine Jarnell,Elegant Bristle Fern,Ernestine Ashall
Thorvald Moodey,English Yew,Franklyn Milverton
Mycah Ceaser,Foxtail Copperleaf,Min Crockatt
Hart Stonary,Foxtail,Hogan Panks
Hermy Bumford,Ophrys,Krystyna Corrao
Stanly Joules,Alumroot,Nona Janek
Lianne Pendreigh,Winter Creeper,Bryce Tidbold
Hollie Penwright,Erigenia,Olin Lauritsen
Reggi Crowder,Matgrass,Casar Duberry
Vin Kopecka,Diamond Creepingfern,Justus Ivanyutin
Corinne Adin,Plagiomnium Moss,Raul Georger
Lissi Drohan,Lantana,Blinny Brown
Walton Coxall,Indian Plum,Saudra Rosenberg
Jarrad Halliburton,Flowers' Beardtongue,Husain Mattussevich
Brucie de Nore,Wild Cinnamon,Judon Boldecke
Tybalt McKinnon,Yellow Hatpins,Merna Seater
Bentley Aitcheson,Marsh Horsetail,Tadeo Arenson
Jean Bourley,Small Camas,Marcelo Sainsbury-Brown
Freddy Videneev,Woolly Senna,Maryjo Trewin
Price Oades,Common Green Bryum Moss,Levi Corpe
Even Kayes,Oneflower Fleabane,Peadar Christofle
Blakeley Carleman,Coleus,Lilah Manuelli
Bernadette Corteney,Fewflower Hairsedge,Gearalt Ramsby
Margalo Stride,Slender Scratchdaisy,Astra Chastagnier
Ekaterina Smees,Green Sprangletop,Michal Heigho
Angelle Dell Casa,Leafy Desertdandelion,Stephani Campbell-Dunlop
Deloris O'Dare,European Bellflower,Ardis Benner
Nyssa O'Sheils,Texas Crab Apple,Goldi Semrad
Modestine MacCafferky,Wild Dilly,Dav Cust
Anton Silbert,Ehrenberg's Barbula Moss,Nial Gouthier
Quintina Goudard,Smallawned Sedge,Gasparo Hales
Fredek Ferrieres,White Mountain Lupine,Winnifred Ryhorovich
Gustavo Windas,Rocky Mountain Bladderpod,Golda Garfit
Kassey Yude,Fairy Slipper,Valeda O'Doherty
Uriah Wreight,Spearleaf Stonecrop,Dix Nendick
Eve Halsall,Sicklegrass,Minta Brunsdon
Cosmo McLennan,Ring Lichen,Hilary Swinerd
Karly Crosscombe,True Babystars,Ruby Gave
Pammie Amoss,Creepingoxeye,Guido Heyburn
Tomkin Klehyn,Hybrid Sedge,Adan Adlem
Elicia Critzen,Bridgotree,Vanya Works
Kissie Fobidge,Tex-mex Tobacco,Quintina Le Blond
Nannie Soughton,Mountain Sedge,Noel Kaindl
Tadeas Matthews,Bladderfern,Delly Colls
Karry Lankham,Tailed Grapefern,Giorgio Brattan
Mariam Kleinber,Bristly Locust,Rick Hembrow
Cherilyn Banner,Dichaetophora,Andre Ales
Vera Rock,Sonoran Croton,Kelci Nutbean
Amble Tear,Bolander's Mule-ears,Wyatt Woodfield
Brenden Bispo,Cretan Meadow Foxtail,Richie Krier
Claudia Swenson,White Snowplant,Daven Rayhill
Dotti Fosten,Shy Gilia,Gretchen Basini-Gazzi
Abbot Chattock,Watermeal,Lisabeth Boyson
Stormie Virgoe,Uinta Basin Beardtongue,Michal Farnham
Jacquelynn Mattheeuw,Wingcup,Elisabet Abisetti
Keelia Iveans,Ditch Reedgrass,Carilyn Stockford
Hillery Latey,Nevada City Buckwheat,Louie Floyed
Josh De Francesco,Plateau False Foxglove,Marc Shailer
Lindon Gollard,Peronia,Prince Uglow
Aggie Filan,Crevajosa,Quinn Settle
Carina Itzkovitch,Rockloving Lecidea Lichen,Juieta Bernot
Marcus Menilove,Wright's Golden Saxifrage,Claus Dunning
Mattheus Tardiff,Looseflower Water-willow,Rachele de Aguirre
Marice McQuillin,Rydberg's Thistle,Lurline Newark
Georgina Haveline,Snow Arnica,Natty Frisel
Torin Espinheira,Cliff Desertdandelion,Editha Ben-Aharon
Brandon Pollastro,Pore Lichen,Maribelle Maraga
Jeanie Yven,Bryum Moss,Riannon McCree
Nehemiah Taffie,Scouler's Valerian,Jaime Gregs
Fairfax Guyton,Broadleaved Lavender,William Carleton
Lisbeth Ramstead,Fragile Sedge,Gloriana Stitle
Bobbie Keunemann,Golden Columbine,Tiphany Fant
Lonnard Woosnam,Cannaleaf Myrosma,Andrew Giddings
Jesse Bello,Mottled Dutchman's Pipe,Matthieu Ortell
Demetre Waller-Bridge,Marsh Elder,Gabe Stainsby
Munroe Kincla,Correll's Snakewood,Angel Mandel
Claiborne Swalteridge,Violet Milkvetch,Farlie McCrackem
Eleanor Boldero,Parasol Whitetop,Fenelia Simson
Elladine McCloughen,Campylopus Moss,Amalita Rosebotham
Petunia Iddens,Fourleaf Manyseed,Ted Silverwood
Shayne Groom,Mantisalca,Georgine Heams
Boyd Shovelin,Pingue Rubberweed,Faina Strelitzki
Lamont Beckhurst,Lesser Indian Paintbrush,Eduino Casbon
Roshelle Whild,Harper's Flax,Minetta Bartens
Barri Lazenby,Greenland Northern Rockcress,Isabelita Kristof
Ericha Bucher,Arthothelium Lichen,Quentin Shillitto
Marney Nast,Sonoran Water-willow,Candis Walden
Klara Mazillius,Clark Valley Larkspur,Thea Prew
Marjorie Brownlee,Papery Schiedea,Vassili Joiris
Sibylle Goodhand,Small Limestone Moss,Norrie Cherryman
Lorianne Heningham,Woodvine,Staci Lewtey
Correy Tallon,Doum Palm,Janifer Risso
Maddie Dury,Olapalapa,Cassy Eggleston
Emylee Middleton,Carlott's Violet,Keith Dytham
Cornell Corkhill,Santa Cruz Wallflower,Kerrie Cowey
Gnni Aldersea,Pomegranate,Rockey Corssen
Genvieve Cottu,Argentine Sprangletop,Stanford Overnell
Robena Daventry,Hawai'i 'ohe,Felipe Spinozzi
Marcelia Blucher,Arrowleaf Elephant's Ear,Inglebert Carah
Kenton Iacomettii,Sierra Valley Mousetail,Elfreda Abrami
Shawna Passion,Roundlobe Hepatica,Hannis Corriea
Kamillah Rolley,Silvery Lupine,Florentia Gianinotti
Marguerite Craske,Mung Bean,Ettie Slopier
Emmey Linstead,Low Flatsedge,Gillian Lovie
Bastian Riccardini,Bristly Stickseed,Melissa Lghan
Eleanor Marks,Chilean Waterwort,Kenneth Elliss
Evvy Leyborne,Lyreleaf Jewelflower,Nell Coning
Jarrad Reitenbach,Eaton's Fleabane,Waring Gravenall
Christoph Ashfull,Fringed Yelloweyed Grass,Dyann Hammell
Othella Helmke,Pineland Spurge,Sigvard Fowkes
Wynny Baulk,Diploicia Lichen,Rolando Lowthorpe
Ernaline Richfield,Common Rivergrass,Nelson O'Hingerty
Bil Devons,Trichothelium Lichen,Clementius Sandilands
Maxie Wrightem,White Mountain Larkspur,Oralla Bourgour
Katalin Snelling,Tausch's Goatgrass,Mandie Fernyhough
Julianna Trott,Longspine Horsebrush,Leonerd Sergeant
Kellsie Huebner,Great Coneflower,Lynnell Pennetta
Ilse Allison,Priest Valley Spineflower,Lillis Crompton
Benny Rossetti,Desert Beardtongue,Nana Suarez
Francine Ansty,Quassia,Basilius Penhearow
Horatio Ayres,Roadside Woodrose,Allard Madelin
Aleece Vlahos,Parry's Mallow,See Ricardin
Micah Botfield,Giant Reed,Rafaello MacKerley
Marylynne Westfield,Italian Buckthorn,Amalita Arlidge
Leland Brusle,Point Reyes Lupine,Wyn Orthmann
Davon Sparrowe,Alpine Speedwell,Donielle Vant
Korey Node,Beadle's Mountainmint,Trumaine Piper
Puff Emnoney,Disc Lichen,Jannelle McGurgan
Corrie Brodeau,Sand Goldenheather,Suzanna Saur
Parry Demer,Shasta Sedge,Sher Barry
Gauthier Menendez,Shortstalk Bristle Fern,Saunders Iron
Clark Bigley,Cracked Lichen,Gaby Gosnoll
Pansie Bransdon,Psorotichia Lichen,Lorianne Blare
Helga Aylin,Savin,Martyn Haggerstone
Inesita Wilcock,Flowering Almond,Chrisse Verma
Durward Heild,Willow Baccharis,Noll Robertsson
Jacynth Mote,Howell's Broomrape,Radcliffe Wyllcocks
Zerk Dunton,Hirschfeldia,Andy Cartmer
Whit Knowlman,Purple Mountainheath,Eileen Ionn
Rick Pallatina,Woolly Prairie Clover,Amandy Rumming
Dasi MacParland,Splitbeard Bluestem,Harvey Wolvey
Sidney Partridge,Hairy Mountain Mahogany,Deena Pullen
Booth Callery,Chinese Windmill Palm,Holly-anne Bridat
Felike McAndrew,Largeleaf Springparsley,Auberta Limbert
Rolland McNysche,Lace-leaved Rockdaisy,Rozella Deekes
Johan Strain,San Jacinto Bluecurls,Janetta Goodrick
Hazel Ales0,Sprenger's Asparagus Fern,Daveen McGee
Cathe Gibbon,Cetraria Lichen,Jeannie Boustred
Lethia Merritt,Lecania Lichen,Laney Soame
Cordelia Gorham,Foothill Rush,Opal Ellwood
Artemas MacCaffrey,Ponderosa Violet,Kathye Stote
Jeddy Unsworth,Chaparral False Bindweed,Rina Brayne
Hartley Latimer,Tweedy's Reedgrass,Delainey Ateridge
Kirstyn Fullerlove,Horsehair Lichen,Bruis Pietruszka
Shannon Astles,Texas Plains Indian Breadroot,Tallie Brownlow
Dedra Siley,Hippocrepis,Svend Batchley
Thorndike Winslow,Hypotrachyna Lichen,Jonell Treske
Maren Fitchell,Reflexed Flatsedge,Lisetta Wooller
Sharline Lydall,Sierra De Luquillo Filmy Fern,Fanny Straughan
Gibby Fortey,Cooper's Rush,Kathi Colegrove
Selle Arrandale,Chaplin's Golden Columbine,Gerladina Hark
Leif Doward,Whitewoolly Buckwheat,Herman Meynell
Corrianne Gerin,Curvedleaf Ulota Moss,Selig Keemer
Sauncho Lesser,Wart Lichen,Vita Sunter
Shanon Trappe,Barbedbristle Bulrush,Haley Burtt
Erina Burnapp,Naked Crabgrass,Neysa Joselin
Rani Whittick,Scaly Blazing Star,Lorens Challener
Angus Tregea,Koolau Range Sandmat,Teresita Vakhonin
Marena Penchen,Limestone Milkvetch,Leif Shallo
Leonora Owbrick,Spotted Phacelia,Hakeem Blachford
Reta Deedes,Pergularia,Eddy Bursnall
Brennen Hanigan,Sickle Pigeonwings,Joyous Yesichev
Emalee Rown,Common Twinpod,Stacia Savidge
Madella Fakes,Florida Yellow-eyed-grass,Reed Gelsthorpe
Sayre Dionisetto,Field Pepperweed,Ralina Pennini
Clovis Cristoferi,Largeleaf Springparsley,Thornton Hassekl
Dayna Morcombe,Pore Lichen,Standford Anespie
Fidelia Flewan,Earleaf Brickellbush,Valina Fey
Abie Authers,Purple Milkwort,Janaya Northeast
Dimitry Neaves,Ulunahele,Warner Altimas
Christan Prisk,Caracas Pepper,Helena Drewery
Phyllida Coldridge,Skyblue Aster,Tiffani Croney
Layney Jeffries,Littlebrownjug,Morrie O'Lunney
Selestina Hurler,Purple False Oat,Gavrielle Rosenshine
Errol Delaney,Arctic Dactylina Lichen,Mella Eastway
Fulton Cazin,Tunp Range Twinpod,Jeffie Windham
Emmey Axworthy,Lecidella Lichen,Brett Fowells
Tasha Spraging,Ash,Decca Aldhouse
Jessamyn Trorey,Smith's Mint,Ulises Hover
Harper Repper,Fowler's Knotweed,Killy Dammarell
Adrianna Weatherill,Schimper's Ditrichum Moss,Rosamond Crowe
Daffie Ambroisin,Jumbypotato,Minette Beernt
Caroline Godbert,Golden-yarrow,Chaim Whiff
Janith Heistermann,Crocynia Lichen,Nada Canada
Karlis Beadnall,Turnsole Heliotrope,Henryetta Greaterex
Dore Stook,Nuttall's Linanthus,Dugald Barker
Bayard Swettenham,Texas Palafox,Deb Crean
Sally Juara,Saltmarsh Sedge,Marion Toomer
Amalita Collocott,Yellowhair Indian Paintbrush,Lloyd Luxen
Jillane Hutchence,Scarlet Spiral-ginger,Abbe Stolte
Auria Petrenko,Western Spleenwort,Mitzi Straffon
Odella Shute,Dictyonema Lichen,Hakim Authers
Henrietta Burris,Rydberg's Milkvetch,Susannah Brayshay
Valerye Aggs,Rock Paspalum,Devora Manjin
Barnard Buxsy,Cutleaf Grapefern,Fiona Gansbuhler
Paquito Sprade,Sulphur Penstemon,Lorry Paolinelli
Camel Rouge,Showy Gilia,Yorgo Able
Reid Crock,Brownhead Rush,Dagny Orteu
Sherline Walkling,Dactylina Lichen,Rikki Souten
Addi Bushby,Toothleaf,Gracia Kegan
Lanie Lanchbery,Waikamoi Woodfern,Hedvig Newport
Gael Woodman,Wideleaf Polargrass,Jarrad Nerne
Winthrop Baudinot,Lycoris,Lissie McGlaughn
Constantine Munehay,Hillebrand's Dubautia,Michaelina Weatherup
Lillian Fraczak,Beaked Hawksbeard,Griswold Trethowan
Bette-ann Dodridge,Carolina Fanwort,Anne-marie Adhams
Luke Librey,Bristly Fiddleneck,Ad Standidge
Marybelle Whittleton,Wild Yam,Vanni Heading
Emile Mabley,Wych Elm,Donovan O'Carmody
Ami McHan,Orthodontium Moss,Jarred Janzen
Jorry Caffrey,Roseflower Stonecrop,Jozef Garwell
Fionna Seckington,Whiteflower Albizia,Debbi Worswick
Averil Ciobotaro,Fiddlewood,Konstantine Baradel
Brnaba Roff,Eclipta,Clo Welbourn
Isak Tamblingson,Pale Spikerush,Hugo Doohey
Bernadine Craigg,Shield Lichen,Ariel Baldini
Brunhilde Romer,Puerto Rico Velvet Bur,Alverta Headings
Colene Stutter,Porpidia Lichen,Rosmunda Rushforth
Dwight Chmiel,Owyhee Cinquefoil,Tibold Metheringham
Iolande Miners,Common Madia,Barty Marquez
Rozalie Bidwell,Paperbark-thorn,Riley Lowdwell
Tabb Haberfield,Bush Vetch,Norry Wandrich
Conan Croysdale,Northpark Phacelia,Ingeberg Horrod
Cordelia Thay,Marshmallow,Keith Rickersey
Juan Houseago,Taylor's Quillwort,Leonerd Mainwaring
Vernice Welman,Smooth Woodyaster,Bruis Fewkes
Drona Meltetal,California Larkspur,Lemmie Helin
Genni McGuire,Italian Catchfly,Osmund Libby
Salvatore Woolford,Lanai False Lobelia,Koo Sheardown
Jamill Dugood,Coral Jelly Lichen,Leisha Mc Mechan
Barbaraanne Safe,Frosted Buckwheat,Merla Maher
Dyanna Sparrowhawk,Subalpine Fir,Zachery Bearman
Robinette Shingler,Anglevein Fern,Andres Treverton
Rudolph Rentoul,Meadow Foxtail,Mina Collumbine
Alec Gristwood,Oblongleaf False Pennyroyal,Emalia Josefsson
Keenan Creek,Rolland's Sedge,Elberta Scrange
Virginia Jeandeau,Eastern Poison Ivy,Fifine Dounbare
Shirlene Cheel,Field Pumpkin,Olivero Castlake
Myrilla Akester,Arkansas Sedge,Tabby Mayo
Lloyd Popescu,Wright's Jaffueliobryum Moss,Eulalie McDavitt
Caddric Shires,Crested Woodfern,Roberto Daintree
Thorndike Josowitz,Coast Range Brome,Fayina Manuelli
Brigida Edwicke,Carbonea Lichen,Bevin Chimenti
Marline Niesegen,Disc Lichen,Steffi Anan
Millie Cherrie,High-plains Beeblossom,Carce Kinsell
Saundra Magne,Wedgeleaf Primrose,Alexine Straw
Darcie Titford,Barbgrass,Linn Quilkin
Antonin Flagg,Tulip Pricklypear,Marinna Gherardelli
Gene Aire,Cypress Swamp Sedge,Eldridge Lindenman
Huberto Wille,Bensoniella,Lin Stoving
Cher Breeder,Caskfruit,Nellie Gierck
Gussi Leicester,Annual Wheatgrass,Dylan McWhan
Wilmette Ogilvy,Singleflower Cyrtandra,Chiarra Scurrey
Vinson McCarlie,Elkweed,Christye Bold
Merwyn Darling,Mountain Blue Penstemon,Rosella Gerty
Johnette Callard,Downy Alpine Oatgrass,Rebbecca Mulrenan
Bordy Noyes,Treasure-flower,Anatola Duhig
Heloise Withrop,Tweedy's Milkvetch,Damian Peskin
Jule Beilby,Velvet Lupine,Arlina McCafferky
Web Woodfine,Irisleaf Yelloweyed Grass,Winifred McFee
Maurita Raymen,Beard Lichen,Cly Erskin
Guglielmo Simeonov,Pine Hyacinth,Raff Tuffey
Gretal Jans,Hybrid Oak,Russell Tripney
Nils Boagey,Louisiana Catchfly,Dolley Broddle
Merridie MacCulloch,Anderson's Larkspur,Pepillo Belch
Tessy Ritchman,Green Rockcress,Paddie Fripp
Garland Ianelli,Kinnikinnick,Dixie Mewrcik
Ximenez McGifford,Colusagrass,Livvie Siburn
Mendie Terbrug,Cascade Azalea,Bambi McGeachey
Elga Latliff,Rare Loco Milkvetch,Arther Baroche
Waldemar Rohfsen,Miniature Lupine,Bunny Philpin
Kimble Vaan,Fewflower Hairsedge,Artur Bernier
Tyne Stickles,Ramona Clarkia,Prue Murricanes
Berrie Razoux,Schistidium Moss,Austin Niezen
Amelia Sage,Baccaurea,Briana Le Noir
Pasquale Robker,Sunflower,Tandy Madgwick
Ashlie Tother,Wholeleaf Saxifrage,Marylou Putman
Deerdre Colquit,Feathered Mosquitofern,Nessa Peatman
Jorgan Shields,Pasqueflower,Neala Singh
Marika Leyes,Field Horsetail,Baxter Yerby
Marinna Tamas,Heterocladium Moss,Mala Crownshaw
Harriott Wareham,Tree Stonecrop,Kipp Randerson
Jedidiah Puvia,Marula,Elyse Gingle
Reggi Brittian,Coon's Tail,Caryl Demicoli
Morgen Ranscomb,Deltoid Maiden Fern,Eduino Zanioletti
Bartlet Terry,Twisted Draba,Misha Lippingwell
Clementius Morphey,Solorinella Lichen,Zena Jirek
Sofie Akess,Sedge,Tabby Hentzeler
Alicia Thomel,Basiphyllaea,Rafaello Scrivenor
Marcille Bromhead,Calathea,Barde MacKeig
Henderson Da Costa,Soot Lichen,Beaufort Hugonin
Orazio Duncklee,Snow Grass,Krishna Woolens
Amalita Padilla,Stinkingtoe,Nealon Joinson
Erna Bastiman,Marsh Milkvetch,Giselbert Fermin
Clem Gantzman,Tube Lichen,Leland Crapper
Joice Bucknill,Prostrate Ticktrefoil,Abraham MacGauhy
Sly Faers,African Bonebract,Cello Ferson
Lory ffrench Beytagh,Uruguayan Pampas Grass,Carroll Harvie
Norry Piatek,Meyen's Twigrush,Joanie Tildesley
Max McMorland,Biannual Lettuce,Pammi Storrah
Tressa Summerson,Redspined Fishhook Cactus,Genovera Wincom
Dud Rockwell,Tall Blazing Star,Estele Goodale
Cesare Maffioletti,Moving Polemonium,Mina Krelle
Charo Pastor,Blindeyes,Demetris Giovanardi
Sarene Dannehl,Arctic Navel Lichen,Reta Keerl
Prudy Ratcliffe,Viburnum,Corey Christmas
Daisi Crisp,Redflower Buckwheat,Kendricks Haydn
Sherwin De Minico,Slimleaf Heliotrope,Antonie Border
Margot Willerton,Perfoliate Baby's-breath,Ada Oultram
Pamela Letcher,Ebony Spleenwort,Windham Mindenhall
Irma Battey,Richarson's Meadow-rue,Marsha McInnery
Tanitansy Gentreau,Humboldt Mule-ears,Sheff Garnson
Arlena Skypp,Currant,Koenraad De Bernardis
Emilee Whithorn,Punjab Fig,Wayne Niland
Nikaniki Higginbottam,Purple Amole,Tobie McLoney
Kristien Gwyn,Tushar Range Beardtongue,Orelie Struys
Edward Blindermann,Baja Desert-thorn,Roderick Gallichan
Cammi Priestley,Oriental Bittersweet,Emmi Montes
Rebeca Jarad,Lecidea Lichen,Gardie Riteley
Kaitlynn Longworthy,Narrowleaf Bluecurls,Eldredge McMeekin
Constantin Varty,Lehua Papa,Farica O'Dennehy
Kaye Gaish,Wirevine,Camellia Davis
Flossie Erratt,Nevada Goldenrod,Arte Folk
Henryetta Humble,Golden Carpetgrass,Kelly Tamsett
Eunice Gasticke,Monarch Birch,Aldon Weathey
Alvy Grandham,Turkish Hazelnut,Josephina Mish
Gabrielle Kleinberer,Philodendron,Swen Meiklam
Cayla Draxford,Oregon Semaphoregrass,Rory Probyn
Gaynor Fulloway,Woolly Goat Chicory,Conrade Prando
Twyla Franscioni,Stemmy Four-nerve Daisy,Che Jura
Dodie Pargent,Brewer's Monkeyflower,Waverly Mapother
Conn Gwyn,Apetalous Sandwort,Opaline Betke
Florie Pickover,Santa Lucia Suncup,Gwendolen Wicklen
Olly Commuzzo,Craniolaria,Carleen Seddon
Virgie Baudon,Herissantia,Germayne MacKonochie
Alvera Oakenfield,Slipper Flower,Britta Conant
Kimberlyn Stempe,West Indian Woodnettle,Goddard Piscot
Ulric Bleue,Thrombium Lichen,Perice Figg
Sebastien Bowart,Rusty Woodsia,Levon Surmeyers
Larine Delbergue,Scouler's Fumewort,Cybill Lomasny
Andre Workman,Tobacco,Feliks Grealish
Malia Stebles,Mt. Adams Lupine,Philippe MacBean
Adan Brankley,Phillips' Cliff Fern,Freeland Winpenny
Luce Thorsby,Marsh Valerian,Magda Orpwood
Johan Dykins,Citrus,Evyn Evelyn
Lisha Petty,Fineleaf Fumitory,Sam Kevane
Barnard McCuis,Wind River Draba,Jenilee Witheford
Dulciana Madgewick,Xylographa Lichen,Gregor Chanders
Stanislas Heindrich,Bayrumtree,Jessee Levermore
Donielle Berceros,Kauai Colicwood,Bart Meaton
Roseline Bockmaster,Parish's Catchfly,Terra Ewbanck
Jazmin Piscot,Tropical Marshpennywort,Gilburt Vanyashkin
Erda Poff,Anglepod,Cristina Gussie
Brion Schulz,Smooth Rose,Ania Carrabott
Angel MacAlees,Largeleaf Sphagnum,Claudell Craigie
Farica Downs,Common Evening Primrose,Meier Aldis
Elset Bomb,Fremont's Goldfields,Jermaine Gregson
Nance Paxforde,Cyrtandra,Ruperta Draysey
Martelle Carneck,Hairtip Clubmoss,Heinrick Corkish
Tommy Gunther,Rat's Ear,Lock Saile
Richie Selvey,Necklace Gladecress,Sancho McCrum
Mathilda Yakobowitch,Scaleleaf False Foxglove,Rockwell Jeens
Maurizio Woolcocks,Cactus Apple,Myriam Whittall
Fredrick Hadigate,Shortflower Indian Paintbrush,Kellby Andrey
Aldis Markus,Showy False Dragonhead,Aura Kingcote
Michaella Haggerstone,Wyoming Locoweed,Barney Challoner
Serge Prinnett,Horsehair Lichen,Korella Headey
Corey Dyton,Abrams' Sandmat,Franciska Baise
Neilla Chatenier,Sonoma Azalea,Richardo Wallas
Roy Bilam,Alpine Woodrush,Cosetta Ivanonko
Pavlov Terlinden,Coastal Bird's-foot Trefoil,Astrid Anton
Alan Juett,Marlierea,Alard Swindell
Lilas Klagge,Achar's Graphina Lichen,Aksel Willder
Willie Chainey,Bride's Feathers,Stu Rushford
Devonne Jorin,Phlyctella Lichen,Jeddy Sussans
Hadrian Daldan,Dot Lichen,Kevan Campes
Jaquelyn Threadkell,Chihuahua Tansyaster,Alla Dunn
Field Beddard,Carey's Balsamroot,Lodovico Bolgar
Roby O'Gleasane,Sneezeweed,Malanie Danilov
Clayborne Purrier,Connecticut Blackberry,Cletis Lambdin
Adena Tiddeman,Orange Lichen,Yolande Garrud
Claiborne Chittem,Jackson Hole Thistle,Phillipe Dowty
Julianna Forge,Spoonleaf Cyanea,Dione Mallison
Sammy Fairtlough,Florida Beargrass,Gillie Beadnall
Reggy Drepp,Slimspike Threeawn,Clementina Dmitrienko
Valencia Bridal,Marshweed,Preston Binding
Alyce MacCartan,Fiveleaf Clover,Meg Isaacson
Maddie Picton,Cat Greenbrier,Vanessa Wrigley
Maximilian Kyd,Cascade Clover,Elli Jeannaud
Dennet Troup,Mato,Arlena Spiers
Norene Beament,Fourpart Dwarf Gentian,Jacki Rainer
Augy Crocken,Frosted Indian Paintbrush,Otho Sewards
Nerita Derkes,Chinese Rhubarb,Carol Bernardin
Henryetta Anmore,Scribble Lichen,Hilda Camier
Charyl Rigmond,Columbia Ragwort,Mel Pariso
Marilee Rewcastle,Eastern Yampah,Rayshell Briggs
Lorens Lemary,Wailua River Yellow Loosestrife,Gabbie Kroger
Horten Kiln,Cutler's Spurred Lupine,Kesley Cecchi
Honoria Hise,Bristly Lovegrass,Paulette Geydon
Faith Kirdsch,Kauai Nehe,Melina Leyband
Abner Flacknoe,Dudley's Clarkia,Anita Arstall
Lek Korb,Honeywort,Ross Tristram
Suki Korfmann,Feathered Mosquitofern,Chrisse Belamy
Shaylynn Fourmy,Begonia,Josephine O'Nowlan
Lexy Flucker,Southern Lady's Tresses,Chadd Thorndale
Town Proudley,Scarlet Passionflower,Hugues Dewick
Penn Rivenzon,Narrowleaf Yellowtops,Minta Hazley
Sonny Robinett,California Prickly Phlox,Sutherland Magovern
Riva Wilkison,Coastal Goldfields,Hilliard Bahls
Ives Bennington,Sharp-leaf Spiderling,Winthrop Fuke
Fae Marquess,Coatbuttons,Adrienne Allabush
Mathias Pyser,Fringed Rockdaisy,Schuyler Milkin
Damien Pringell,Hybrid Marram,Bert Cronshaw
Adriano Slocumb,Abrojo Colorado,Jarib Champney
Thatcher Rabier,Calcareous Brachythecium Moss,Marge Kilfeder
Krystal Midlane,Roundleaf Sensitive Pea,Heath O'Brallaghan
Eadie Leneve,Variable Orange Lichen,Keary Grancher
Cord Moorman,Sacky Sac Bean,Belita Mowles
Carmela Bartrum,Creeping Marshwort,Roobbie Muldownie
Denny Yeaman,Isle Royale Ragwort,Field Ovett
Glennis Siddon,Wedgescale,Dunstan Gaymer
Nealy Armstrong,Poisonbulb,Jesse Norsworthy
Antoinette Scadden,Allegheny Monkeyflower,Shelli Stallibrass
Tricia Runnicles,Adam's Tree,Alec Mangham
Francklyn Le Grove,Mexican Scaly Cloakfern,Justino Polk
Adriana Whisson,Smallflower False Foxglove,Rochester Dunlap
Trey Erskine Sandys,Bullfrog Mountain Pea,Carroll Wildman
Lonna Oehme,Rosy Pussytoes,Hubert Morrad
Jamesy Mundell,Sleeping Popcornflower,Em Torbard
Britta Storks,Redflame,Devinne Nelm
Barry Lamanby,Woolflower,Jerrie Seekings
Loutitia Stapels,Hueso,Cammy Gronou
Ozzy Parke,Orthotrichum Moss,Jdavie Goodboddy
Sephira Pessel,Cucumberleaf Sunflower,Trina Craft
Romain Bartke,Cochlearia,Calida Pask
Venita Frayne,Grimmia Dry Rock Moss,Adrienne Lightning
Holli Drennan,Graceful Buttercup,Percival Bentz
Helli Monelli,Remy's Gardenia,Quinton Hubeaux
Lexi Kinchlea,Indian Swampweed,Lianne Gue
Cynthia Mazin,White Snakeroot,Alfons Androck
Laurena Leppingwell,Border Creepingfern,Darn Bedrosian
Kimble La Torre,Pickerelweed,Egor Readman
Kimball Merigot,Coinvine,Mickie Tuckwell
Cherilynn Phibb,False Goldeneye,Marthena Maggs
Walden Radoux,Mountain Tansymustard,Ev Brunsen
Giff Tincknell,Osmunda,Delbert Bentley
Humberto Dagworthy,Costa Rica Nightblooming Cactus,Cristin Jordanson
Joelle Letford,Wirestem Muhly,Paula Posselt
Quintana Raoult,Notaris' Soot Lichen,Elianore Gauler
Judith Park,Nevius' Stonecrop,Karole Atton
Ber Sidlow,Butte Desertparsley,Tallou Papes
Damien Riddoch,Solorinella Lichen,Robin George
Sherline Wigsell,Menzies' Spirea,Margarete Duplan
Evyn Leroy,Small-leaf Globemallow,Ailsun O'Dowd
Westley Cockhill,Southern Hawkweed,Eugenia Conley
Cindie Baskett,Fragrant Maidenhair,Colas Hardey
Misty Agney,Hawkweed Oxtongue,Trista Spier
Antony Tarry,Indian Strawberry,Marylinda Dorsey
Cariotta Iliff,Early Water Grass,Sena McComb
Roger Methley,Celandine,Richardo Hutchence
Irma Alten,Sonoma Azalea,Doralin Parmley
Roley Bugby,Bachmanniomyces Lichen,Jae Stark
Susannah Deeth,Tripod Buckwheat,Falkner McGinnis
Emelina Fulk,Wild Garlic,Clerissa Davydenko
Franchot Lantry,Dicranoweisia Moss,Germana Crolly
Milka Moff,Uncompahgre Bladderpod,Tricia Eilhertsen
Kaitlin Brownbridge,Front Range Beardtongue,Ozzie Skellon
Jeanne Raynton,Antilles Filmy Fern,Neale McGaughey
Rosina Avo,Dwarf Violet Iris,Thorsten McGrorty
Jessie Bangiard,Florida Beargrass,Marj Niesel
D'arcy Corstan,Groundcover Milkvetch,Stephine McCumesky
Ximenez Matt,Myrtle Willow,Olav Eickhoff
Napoleon Grosvenor,Grass Of Parnassus,Hube Bertenshaw
Mack Grayson,Sherardia,Marcella Duncanson
Astrid Seppey,Bristle Fern,Jermaine Bratt
Reeba Kahan,West Indian Chinchweed,Monique Winny
Ariel Colquhoun,Obtuseleaf Fissidens Moss,Natka Teape
Clayborne Mongain,Redspined Fishhook Cactus,Alberta Arrington
Hanan Corey,Hairy Fogfruit,Gale Giorgioni
Saw Axtonne,Drug Fumitory,Cullan Harm
Gage Hache,Fig,Kilian Roath
Daniela O'Connolly,Diamond Maidenhair,Tuck Cammiemile
Nata Taveriner,Bactrospora Lichen,Frederik Chessill
Devin Danielou,Yellow Honeysuckle,Tanny Lacelett
Tailor Faudrie,Sacramento Waxydogbane,Darren Neighbour
Tova Tunnicliff,Fringed Orchid,Laney McCloud
Bethany Sprake,Oahu Cyrtandra,Elenore Lenox
Jennilee Cromar,Dirinaria Lichen,Brig Oxenham
Ambros Collidge,Flame Lily,Othello Asquez
Miller Scadden,Faurie's Club,Dorian Waddicor
Egbert Karolyi,Foothill Needlegrass,Aluin Spinelli
Obidiah Rizzardo,Stryphnodendron,Katerine Ponter
Marietta De Cruz,Colicroot,Gisella Peplaw
Nelle Hallgath,Varilla,Adey Hollier
Nikkie Gogarty,Powdery Strap Airplant,Maurice Twaits
Mathilda Brogan,Woolly Sunflower,Terrance Enoch
Mildrid Esposito,Donner Lake Lupine,Lilith Edleston
Cobb Bissell,Lindley's Saltbush,Allegra Pauley
Marylou Settle,Sixweeks Fescue,Rubetta Le Port
